Time,X,Y,Z
7.730512,23.05,3.305969,8.87
8.759884,23.05,3.305969,8.87
9.764589,23.05,3.305969,8.87
10.76781,23.05,3.305969,8.87
