Time,X,Y,Z
119.9999,23.05,3.305969,8.87
121.0335,23.05,3.305969,8.87
122.1048,23.05,3.305969,8.87
